pc11_state_id_shrug,pc11_district_id_shrug,district_name_shrug,LGD State Name,LGD District Code,LGD District Name,Census 2001 Code,Census 2011 Code
34,637,Karaikal,,0,,,
29,583,Bangalore Rural,,0,,,
34,634,Yanam,,0,,,
34,636,Mahe,,0,,,
1,0,,,0,,,
1,14,Anantnag,Jammu And Kashmir,1,Anantnag,6,14
1,2,Badgam,Jammu And Kashmir,2,Budgam,4,2
1,8,Baramula,Jammu And Kashmir,3,Baramulla,2,8
1,16,Doda,Jammu And Kashmir,4,Doda,9,16
1,21,Jammu,Jammu And Kashmir,5,Jammu,13,21
1,4,Kargil,Ladakh,6,Kargil,8,4
1,7,Kathua,Jammu And Kashmir,7,Kathua,14,7
1,1,Kupwara,Jammu And Kashmir,8,Kupwara,1,1
1,3,Leh(Ladakh),Ladakh,9,Leh Ladakh,7,3
1,5,Punch,Jammu And Kashmir,10,Poonch,11,5
1,12,Pulwama,Jammu And Kashmir,11,Pulwama,5,12
1,6,Rajouri,Jammu And Kashmir,12,Rajouri,12,6
1,10,Srinagar,Jammu And Kashmir,13,Srinagar,3,10
1,19,Udhampur,Jammu And Kashmir,14,Udhampur,10,19
2,30,Bilaspur,Himachal Pradesh,15,Bilaspur,8,30
2,23,Chamba,Himachal Pradesh,16,Chamba,1,23
2,28,Hamirpur,Himachal Pradesh,17,Hamirpur,6,28
2,24,Kangra,Himachal Pradesh,18,Kangra,2,24
2,34,Kinnaur,Himachal Pradesh,19,Kinnaur,12,34
2,26,Kullu,Himachal Pradesh,20,Kullu,4,26
2,25,Lahul & Spiti,Himachal Pradesh,21,Lahaul And Spiti,3,25
2,27,Mandi,Himachal Pradesh,22,Mandi,5,27
2,33,Shimla,Himachal Pradesh,23,Shimla,11,33
2,32,Sirmaur,Himachal Pradesh,24,Sirmaur,10,32
2,31,Solan,Himachal Pradesh,25,Solan,9,31
2,29,Una,Himachal Pradesh,26,Una,7,29
3,49,Amritsar,Punjab,27,Amritsar,2,49
3,46,Bathinda,Punjab,28,Bathinda,14,46
3,45,Faridkot,Punjab,29,Faridkot,13,45
3,40,Fatehgarh Sahib,Punjab,30,Fatehgarh Sahib,8,40
3,43,Firozpur,Punjab,31,Ferozepur,11,43
3,35,Gurdaspur,Punjab,32,Gurdaspur,1,35
3,38,Hoshiarpur,Punjab,33,Hoshiarpur,5,38
3,37,Jalandhar,Punjab,34,Jalandhar,4,37
3,36,Kapurthala,Punjab,35,Kapurthala,3,36
3,41,Ludhiana,Punjab,36,Ludhiana,9,41
3,47,Mansa,Punjab,37,Mansa,15,47
3,42,Moga,Punjab,38,Moga,10,42
3,44,Muktsar,Punjab,39,Sri Muktsar Sahib,12,44
3,39,Shahid Bhagat Singh Nagar,Punjab,40,Shahid Bhagat Singh Nagar,6,39
3,48,Patiala,Punjab,41,Patiala,17,48
3,51,Rupnagar,Punjab,42,Rupnagar,7,51
3,53,Sangrur,Punjab,43,Sangrur,16,53
4,55,Chandigarh,Chandigarh,44,Chandigarh,1,55
5,64,Almora,Uttarakhand,45,Almora,9,64
5,63,Bageshwar,Uttarakhand,46,Bageshwar,8,63
5,57,Chamoli,Uttarakhand,47,Chamoli,2,57
5,65,Champawat,Uttarakhand,48,Champawat,10,65
5,60,Dehradun,Uttarakhand,49,Dehradun,5,60
5,68,Hardwar,Uttarakhand,50,Haridwar,13,68
5,66,Nainital,Uttarakhand,51,Nainital,11,66
5,61,Garhwal,Uttarakhand,52,Pauri Garhwal,6,61
5,62,Pithoragarh,Uttarakhand,53,Pithoragarh,7,62
5,58,Rudraprayag,Uttarakhand,54,Rudra Prayag,multiple,58
5,59,Tehri Garhwal,Uttarakhand,55,Tehri Garhwal,4,59
5,67,Udham Singh Nagar,Uttarakhand,56,Udam Singh Nagar,12,67
5,56,Uttarkashi,Uttarakhand,57,Uttar Kashi,1,56
6,70,Ambala,Haryana,58,Ambala,2,70
6,81,Bhiwani,Haryana,59,Bhiwani,13,81
6,88,Faridabad,Haryana,60,Faridabad,19,88
6,78,Fatehabad,Haryana,61,Fatehabad,10,78
6,86,Gurgaon,Haryana,62,Gurugram,18,86
6,80,Hisar,Haryana,63,Hisar,12,80
6,83,Jhajjar,Haryana,64,Jhajjar,15,83
6,77,Jind,Haryana,65,Jind,9,77
6,73,Kaithal,Haryana,66,Kaithal,5,73
6,74,Karnal,Haryana,67,Karnal,6,74
6,72,Kurukshetra,Haryana,68,Kurukshetra,4,72
6,84,Mahendragarh,Haryana,69,Mahendragarh,16,84
6,69,Panchkula,Haryana,70,Panchkula,1,69
6,75,Panipat,Haryana,71,Panipat,7,75
6,85,Rewari,Haryana,72,Rewari,17,85
6,82,Rohtak,Haryana,73,Rohtak,14,82
6,79,Sirsa,Haryana,74,Sirsa,11,79
6,76,Sonipat,Haryana,75,Sonipat,8,76
6,71,Yamunanagar,Haryana,76,Yamunanagar,3,71
7,95,Central,Delhi,77,Central,6,95
7,93,East,Delhi,78,East,4,93
7,94,New Delhi,Delhi,79,New Delhi,5,94
7,91,North,Delhi,80,North,2,91
7,92,North East,Delhi,81,North East,3,92
7,90,North West,Delhi,82,North West,1,90
7,98,South,Delhi,83,South,9,98
7,97,South West,Delhi,84,South West,8,97
7,96,West,Delhi,85,West,7,96
8,119,Ajmer,Rajasthan,86,Ajmer,21,119
8,104,Alwar,Rajasthan,87,Alwar,6,104
8,125,Banswara,Rajasthan,88,Banswara,28,125
8,128,Baran,Rajasthan,89,Baran,31,128
8,115,Barmer,Rajasthan,90,Barmer,17,115
8,105,Bharatpur,Rajasthan,91,Bharatpur,7,105
8,122,Bhilwara,Rajasthan,92,Bhilwara,24,122
8,101,Bikaner,Rajasthan,93,Bikaner,3,101
8,121,Bundi,Rajasthan,94,Bundi,23,121
8,126,Chittaurgarh,Rajasthan,95,Chittorgarh,29,126
8,102,Churu,Rajasthan,96,Churu,4,102
8,109,Dausa,Rajasthan,97,Dausa,11,109
8,106,Dhaulpur,Rajasthan,98,Dholpur,8,106
8,124,Dungarpur,Rajasthan,99,Dungarpur,27,124
8,99,Ganganagar,Rajasthan,100,Ganganagar,1,99
8,100,Hanumangarh,Rajasthan,101,Hanumangarh,1,100
8,110,Jaipur,Rajasthan,102,Jaipur,12,110
8,114,Jaisalmer,Rajasthan,103,Jaisalmer,16,114
8,116,Jalor,Rajasthan,104,Jalore,18,116
8,129,Jhalawar,Rajasthan,105,Jhalawar,32,129
8,103,Jhunjhunun,Rajasthan,106,Jhunjhunu,5,103
8,113,Jodhpur,Rajasthan,107,Jodhpur,15,113
8,107,Karauli,Rajasthan,108,Karauli,9,107
8,127,Kota,Rajasthan,109,Kota,30,127
8,112,Nagaur,Rajasthan,110,Nagaur,14,112
8,118,Pali,Rajasthan,111,Pali,20,118
8,123,Rajsamand,Rajasthan,112,Rajsamand,25,123
8,108,Sawai Madhopur,Rajasthan,113,Sawai Madhopur,10,108
8,111,Sikar,Rajasthan,114,Sikar,13,111
8,117,Sirohi,Rajasthan,115,Sirohi,19,117
8,120,Tonk,Rajasthan,116,Tonk,22,120
8,130,Udaipur,Rajasthan,117,Udaipur,26,130
9,146,Agra,Uttar Pradesh,118,Agra,15,146
9,143,Aligarh,Uttar Pradesh,119,Aligarh,12,143
9,175,Allahabad,Uttar Pradesh,120,Prayagraj,45,175
9,178,Ambedkar Nagar,Uttar Pradesh,121,Ambedkar Nagar,48,178
9,162,Auraiya,Uttar Pradesh,122,Auraiya,32,162
9,191,Azamgarh,Uttar Pradesh,123,Azamgarh,61,191
9,139,Baghpat,Uttar Pradesh,124,Baghpat,8,139
9,180,Bahraich,Uttar Pradesh,125,Bahraich,50,180
9,193,Ballia,Uttar Pradesh,126,Ballia,63,193
9,182,Balrampur,Uttar Pradesh,127,Balrampur,52,182
9,170,Banda,Uttar Pradesh,128,Banda,40,170
9,176,Bara Banki,Uttar Pradesh,129,Bara Banki,46,176
9,150,Bareilly,Uttar Pradesh,130,Bareilly,20,150
9,185,Basti,Uttar Pradesh,131,Basti,55,185
9,134,Bijnor,Uttar Pradesh,132,Bijnor,3,134
9,149,Budaun,Uttar Pradesh,133,Budaun,19,149
9,142,Bulandshahr,Uttar Pradesh,134,Bulandshahr,11,142
9,196,Chandauli,Uttar Pradesh,135,Chandauli,66,196
9,171,Chitrakoot,Uttar Pradesh,136,Chitrakoot,41,171
9,190,Deoria,Uttar Pradesh,137,Deoria,60,190
9,201,Etah,Uttar Pradesh,138,Etah,17,201
9,161,Etawah,Uttar Pradesh,139,Etawah,31,161
9,177,Faizabad,Uttar Pradesh,140,Ayodhya,47,177
9,159,Farrukhabad,Uttar Pradesh,141,Farrukhabad,29,159
9,172,Fatehpur,Uttar Pradesh,142,Fatehpur,42,172
9,147,Firozabad,Uttar Pradesh,143,Firozabad,16,147
9,141,Gautam Buddha Nagar,Uttar Pradesh,144,Gautam Buddha Nagar,10,141
9,140,Ghaziabad,Uttar Pradesh,145,Ghaziabad,9,140
9,195,Ghazipur,Uttar Pradesh,146,Ghazipur,65,195
9,183,Gonda,Uttar Pradesh,147,Gonda,53,183
9,188,Gorakhpur,Uttar Pradesh,148,Gorakhpur,58,188
9,168,Hamirpur,Uttar Pradesh,149,Hamirpur,38,168
9,155,Hardoi,Uttar Pradesh,150,Hardoi,25,155
9,165,Jalaun,Uttar Pradesh,151,Jalaun,35,165
9,194,Jaunpur,Uttar Pradesh,152,Jaunpur,64,194
9,166,Jhansi,Uttar Pradesh,153,Jhansi,36,166
9,137,Jyotiba Phule Nagar,Uttar Pradesh,154,Amroha,6,137
9,160,Kannauj,Uttar Pradesh,155,Kannauj,30,160
9,163,Kanpur Dehat,Uttar Pradesh,156,Kanpur Dehat,33,163
9,164,Kanpur Nagar,Uttar Pradesh,157,Kanpur Nagar,34,164
9,174,Kaushambi,Uttar Pradesh,158,Kaushambi,44,174
9,153,Kheri,Uttar Pradesh,159,Kheri,23,153
9,189,Kushinagar,Uttar Pradesh,160,Kushinagar,59,189
9,167,Lalitpur,Uttar Pradesh,161,Lalitpur,37,167
9,157,Lucknow,Uttar Pradesh,162,Lucknow,27,157
9,144,Mahamaya Nagar,Uttar Pradesh,163,Hathras,13,144
9,187,Mahrajganj,Uttar Pradesh,164,Mahrajganj,57,187
9,169,Mahoba,Uttar Pradesh,165,Mahoba,39,169
9,148,Mainpuri,Uttar Pradesh,166,Mainpuri,18,148
9,145,Mathura,Uttar Pradesh,167,Mathura,14,145
9,192,Mau,Uttar Pradesh,168,Mau,62,192
9,138,Meerut,Uttar Pradesh,169,Meerut,7,138
9,199,Mirzapur,Uttar Pradesh,170,Mirzapur,69,199
9,135,Moradabad,Uttar Pradesh,171,Moradabad,4,135
9,133,Muzaffarnagar,Uttar Pradesh,172,Muzaffarnagar,2,133
9,151,Pilibhit,Uttar Pradesh,173,Pilibhit,21,151
9,173,Pratapgarh,Uttar Pradesh,174,Pratapgarh,43,173
9,158,Rae Bareli,Uttar Pradesh,175,Rae Bareli,28,158
9,136,Rampur,Uttar Pradesh,176,Rampur,5,136
9,132,Saharanpur,Uttar Pradesh,177,Saharanpur,1,132
9,186,Sant Kabir Nagar,Uttar Pradesh,178,Sant Kabir Nagar,56,186
9,198,Sant Ravidas Nagar (Bhadohi),Uttar Pradesh,179,Bhadohi,68,198
9,152,Shahjahanpur,Uttar Pradesh,180,Shahjahanpur,22,152
9,181,Shrawasti,Uttar Pradesh,181,Shrawasti,51,181
9,184,Siddharthnagar,Uttar Pradesh,182,Siddharthnagar,54,184
9,154,Sitapur,Uttar Pradesh,183,Sitapur,24,154
9,200,Sonbhadra,Uttar Pradesh,184,Sonbhadra,70,200
9,179,Sultanpur,Uttar Pradesh,185,Sultanpur,49,179
9,156,Unnao,Uttar Pradesh,186,Unnao,26,156
9,197,Varanasi,Uttar Pradesh,187,Varanasi,67,197
10,209,Araria,Bihar,188,Araria,7,209
10,235,Aurangabad,Bihar,189,Aurangabad,34,235
10,225,Banka,Bihar,190,Banka,23,225
10,222,Begusarai,Bihar,191,Begusarai,20,222
10,224,Bhagalpur,Bihar,192,Bhagalpur,22,224
10,231,Bhojpur,Bihar,193,Bhojpur,29,231
10,232,Buxar,Bihar,194,Buxar,30,232
10,215,Darbhanga,Bihar,195,Darbhanga,13,215
10,236,Gaya,Bihar,196,Gaya,35,236
10,217,Gopalganj,Bihar,197,Gopalganj,15,217
10,238,Jamui,Bihar,198,Jamui,37,238
10,239,Jehanabad,Bihar,199,Jehanabad,33,239
10,233,Kaimur (Bhabua),Bihar,200,Kaimur (Bhabua),31,233
10,212,Katihar,Bihar,201,Katihar,10,212
10,223,Khagaria,Bihar,202,Khagaria,21,223
10,210,Kishanganj,Bihar,203,Kishanganj,8,210
10,227,Lakhisarai,Bihar,204,Lakhisarai,25,227
10,213,Madhepura,Bihar,205,Madhepura,11,213
10,207,Madhubani,Bihar,206,Madhubani,5,207
10,226,Munger,Bihar,207,Munger,24,226
10,216,Muzaffarpur,Bihar,208,Muzaffarpur,14,216
10,229,Nalanda,Bihar,209,Nalanda,27,229
10,237,Nawada,Bihar,210,Nawada,36,237
10,203,Pashchim Champaran,Bihar,211,Pashchim Champaran,1,203
10,230,Patna,Bihar,212,Patna,28,230
10,204,Purba Champaran,Bihar,213,Purbi Champaran,2,204
10,211,Purnia,Bihar,214,Purnia,9,211
10,234,Rohtas,Bihar,215,Rohtas,32,234
10,214,Saharsa,Bihar,216,Saharsa,12,214
10,221,Samastipur,Bihar,217,Samastipur,19,221
10,219,Saran,Bihar,218,Saran,17,219
10,228,Sheikhpura,Bihar,219,Sheikhpura,26,228
10,205,Sheohar,Bihar,220,Sheohar,3,205
10,206,Sitamarhi,Bihar,221,Sitamarhi,4,206
10,218,Siwan,Bihar,222,Siwan,16,218
10,208,Supaul,Bihar,223,Supaul,6,208
10,220,Vaishali,Bihar,224,Vaishali,18,220
11,244,East District,Sikkim,225,Gangtok,4,244
11,241,North District,Sikkim,226,Mangan,1,241
11,243,South District,Sikkim,227,Namchi,3,243
11,242,West District,Sikkim,228,Gyalshing,2,242
12,253,Changlang,Arunachal Pradesh,229,Changlang,12,253
12,257,Dibang Valley,Arunachal Pradesh,230,Dibang Valley,10,257
12,247,East Kameng,Arunachal Pradesh,231,East Kameng,3,247
12,251,East Siang,Arunachal Pradesh,232,East Siang,8,251
12,256,Kurung Kumey,Arunachal Pradesh,233,Kurung Kumey,14,256
12,259,Lohit,Arunachal Pradesh,234,Lohit,11,259
12,258,Lower Dibang Valley,Arunachal Pradesh,235,Lower Dibang Valley,15,258
12,255,Lower Subansiri,Arunachal Pradesh,236,Lower Subansiri,5,255
12,248,Papum Pare,Arunachal Pradesh,237,Papum Pare,4,248
12,245,Tawang,Arunachal Pradesh,238,Tawang,1,245
12,254,Tirap,Arunachal Pradesh,239,Tirap,13,254
12,252,Upper Siang,Arunachal Pradesh,240,Upper Siang,9,252
12,249,Upper Subansiri,Arunachal Pradesh,241,Upper Subansiri,6,249
12,246,West Kameng,Arunachal Pradesh,242,West Kameng,2,246
12,250,West Siang,Arunachal Pradesh,243,West Siang,7,250
13,265,Dimapur,Nagaland,244,Dimapur,6,265
13,270,Kohima,Nagaland,245,Kohima,7,270
13,262,Mokokchung,Nagaland,246,Mokokchung,3,262
13,261,Mon,Nagaland,247,Mon,1,261
13,266,Phek,Nagaland,248,Phek,8,266
13,267,Tuensang,Nagaland,249,Tuensang,2,267
13,264,Wokha,Nagaland,250,Wokha,5,264
13,263,Zunheboto,Nagaland,251,Zunheboto,4,263
14,275,Bishnupur,Manipur,252,Bishnupur,4,275
14,280,Chandel,Manipur,253,Chandel,9,280
14,274,Churachandpur,Manipur,254,Churachandpur,3,274
14,278,Imphal East,Manipur,255,Imphal East,7,278
14,277,Imphal West,Manipur,256,Imphal West,6,277
14,272,Senapati,Manipur,257,Senapati,1,272
14,273,Tamenglong,Manipur,258,Tamenglong,2,273
14,276,Thoubal,Manipur,259,Thoubal,5,276
14,279,Ukhrul,Manipur,260,Ukhrul,8,279
15,283,Aizawl,Mizoram,261,Aizawl,3,283
15,284,Champhai,Mizoram,262,Champhai,4,284
15,282,Kolasib,Mizoram,263,Kolasib,2,282
15,287,Lawngtlai,Mizoram,264,Lawngtlai,7,287
15,286,Lunglei,Mizoram,265,Lunglei,6,286
15,281,Mamit,Mizoram,266,Mamit,1,281
15,288,Saiha,Mizoram,267,Siaha,8,288
15,285,Serchhip,Mizoram,268,Serchhip,5,285
16,291,Dhalai,Tripura,269,Dhalai,3,291
16,292,North Tripura,Tripura,270,North Tripura,4,292
16,290,South Tripura,Tripura,271,South Tripura,2,290
16,289,West Tripura,Tripura,272,West Tripura,1,289
17,294,East Garo Hills,Meghalaya,273,East Garo Hills,2,294
17,298,East Khasi Hills,Meghalaya,274,East Khasi Hills,6,298
17,299,Jaintia Hills,Meghalaya,275,West Jaintia Hills,7,299
17,297,Ribhoi,Meghalaya,276,Ri Bhoi,5,297
17,295,South Garo Hills,Meghalaya,277,South Garo Hills,3,295
17,293,West Garo Hills,Meghalaya,278,West Garo Hills,1,293
17,296,West Khasi Hills,Meghalaya,279,West Khasi Hills,4,296
18,303,Barpeta,Assam,280,Barpeta,5,303
18,319,Bongaigaon,Assam,281,Bongaigaon,4,319
18,316,Cachar,Assam,282,Cachar,21,316
18,325,Darrang,Assam,283,Darrang,8,325
18,308,Dhemaji,Assam,284,Dhemaji,13,308
18,301,Dhubri,Assam,285,Dhubri,2,301
18,310,Dibrugarh,Assam,286,Dibrugarh,15,310
18,302,Goalpara,Assam,287,Goalpara,3,302
18,313,Golaghat,Assam,288,Golaghat,18,313
18,318,Hailakandi,Assam,289,Hailakandi,23,318
18,312,Jorhat,Assam,290,Jorhat,17,312
18,321,Kamrup,Assam,291,Kamrup,6,321
18,314,Karbi Anglong,Assam,292,Karbi Anglong,19,314
18,317,Karimganj,Assam,293,Karimganj,22,317
18,300,Kokrajhar,Assam,294,Kokrajhar,1,300
18,307,Lakhimpur,Assam,295,Lakhimpur,12,307
18,304,Morigaon,Assam,296,Marigaon,9,304
18,305,Nagaon,Assam,297,Nagaon,10,305
18,323,Nalbari,Assam,298,Nalbari,7,323
18,315,Dima Hasao,Assam,299,Dima Hasao,20,315
18,311,Sivasagar,Assam,300,Sivasagar,16,311
18,306,Sonitpur,Assam,301,Sonitpur,11,306
18,309,Tinsukia,Assam,302,Tinsukia,14,309
19,337,North Twenty Four Parganas,West Bengal,303,North 24 Parganas,11,337
19,343,South Twenty Four Parganas,West Bengal,304,South 24 Parganas,18,343
19,339,Bankura,West Bengal,305,Bankura,13,339
19,335,Barddhaman,West Bengal,306,Purba Bardhaman,9,335
19,334,Birbhum,West Bengal,307,Birbhum,8,334
19,329,Koch Bihar,West Bengal,308,Cooch Behar,3,329
19,327,Darjiling,West Bengal,309,Darjeeling,1,327
19,331,Dakshin Dinajpur,West Bengal,310,Dakshin Dinajpur,5,331
19,330,Uttar Dinajpur,West Bengal,311,Uttar Dinajpur,4,330
19,338,Hugli,West Bengal,312,Hooghly,12,338
19,341,Haora,West Bengal,313,Howrah,16,341
19,328,Jalpaiguri,West Bengal,314,Jalpaiguri,2,328
19,342,Kolkata,West Bengal,315,Kolkata,17,342
19,332,Maldah,West Bengal,316,Malda,6,332
19,345,Purba Medinipur,West Bengal,317,Purba Medinipur,15,345
19,344,Paschim Medinipur,West Bengal,318,Paschim Medinipur,15,344
19,333,Murshidabad,West Bengal,319,Murshidabad,7,333
19,336,Nadia,West Bengal,320,Nadia,10,336
19,340,Puruliya,West Bengal,321,Purulia,14,340
20,355,Bokaro,Jharkhand,322,Bokaro,13,355
20,347,Chatra,Jharkhand,323,Chatra,3,347
20,350,Deoghar,Jharkhand,324,Deoghar,7,350
20,354,Dhanbad,Jharkhand,325,Dhanbad,12,354
20,362,Dumka,Jharkhand,326,Dumka,11,362
20,357,Purbi Singhbhum,Jharkhand,327,East Singhbum,18,357
20,346,Garhwa,Jharkhand,328,Garhwa,1,346
20,349,Giridih,Jharkhand,329,Giridih,6,349
20,351,Godda,Jharkhand,330,Godda,8,351
20,366,Gumla,Jharkhand,331,Gumla,16,366
20,360,Hazaribagh,Jharkhand,332,Hazaribagh,4,360
20,363,Jamtara,Jharkhand,333,Jamtara,20,363
20,348,Kodarma,Jharkhand,334,Koderma,5,348
20,359,Latehar,Jharkhand,335,Latehar,2,359
20,356,Lohardaga,Jharkhand,336,Lohardaga,15,356
20,353,Pakur,Jharkhand,337,Pakur,10,353
20,358,Palamu,Jharkhand,338,Palamu,2,358
20,364,Ranchi,Jharkhand,339,Ranchi,14,364
20,352,Sahibganj,Jharkhand,340,Sahebganj,9,352
20,369,Saraikela-Kharsawan,Jharkhand,341,Saraikela Kharsawan,17,369
20,367,Simdega,Jharkhand,342,Simdega,21,367
20,368,Pashchimi Singhbhum,Jharkhand,343,West Singhbhum,17,368
21,384,Anugul,Odisha,344,Anugul,15,384
21,393,Balangir,Odisha,345,Balangir,24,393
21,377,Baleshwar,Odisha,346,Baleshwar,8,377
21,370,Bargarh,Odisha,347,Bargarh,1,370
21,378,Bhadrak,Odisha,348,Bhadrak,9,378
21,391,Baudh,Odisha,349,Boudh,22,391
21,381,Cuttack,Odisha,350,Cuttack,12,381
21,373,Debagarh,Odisha,351,Deogarh,4,373
21,383,Dhenkanal,Odisha,352,Dhenkanal,14,383
21,389,Gajapati,Odisha,353,Gajapati,20,389
21,388,Ganjam,Odisha,354,Ganjam,19,388
21,380,Jagatsinghapur,Odisha,355,Jagatsinghapur,11,380
21,382,Jajapur,Odisha,356,Jajapur,13,382
21,371,Jharsuguda,Odisha,357,Jharsuguda,2,371
21,395,Kalahandi,Odisha,358,Kalahandi,26,395
21,390,Kandhamal,Odisha,359,Kandhamal,21,390
21,379,Kendrapara,Odisha,360,Kendrapara,10,379
21,375,Kendujhar,Odisha,361,Kendujhar,6,375
21,386,Khordha,Odisha,362,Khordha,17,386
21,398,Koraput,Odisha,363,Koraput,29,398
21,399,Malkangiri,Odisha,364,Malkangiri,30,399
21,376,Mayurbhanj,Odisha,365,Mayurbhanj,7,376
21,397,Nabarangapur,Odisha,366,Nabarangpur,28,397
21,385,Nayagarh,Odisha,367,Nayagarh,16,385
21,394,Nuapada,Odisha,368,Nuapada,25,394
21,387,Puri,Odisha,369,Puri,18,387
21,396,Rayagada,Odisha,370,Rayagada,27,396
21,372,Sambalpur,Odisha,371,Sambalpur,3,372
21,392,Subarnapur,Odisha,372,Sonepur,23,392
21,374,Sundargarh,Odisha,373,Sundargarh,5,374
22,414,Bastar,Chhattisgarh,374,Bastar,15,414
22,406,Bilaspur,Chhattisgarh,375,Bilaspur,7,406
22,416,Dakshin Bastar Dantewada,Chhattisgarh,376,Dakshin Bastar Dantewada,16,416
22,412,Dhamtari,Chhattisgarh,377,Dhamtari,13,412
22,409,Durg,Chhattisgarh,378,Durg,10,409
22,405,Janjgir - Champa,Chhattisgarh,379,Janjgir-Champa,6,405
22,402,Jashpur,Chhattisgarh,380,Jashpur,3,402
22,413,Uttar Bastar Kanker,Chhattisgarh,381,Uttar Bastar Kanker,14,413
22,407,Kabeerdham,Chhattisgarh,382,Kabeerdham,8,407
22,404,Korba,Chhattisgarh,383,Korba,5,404
22,400,Koriya,Chhattisgarh,384,Korea,1,400
22,411,Mahasamund,Chhattisgarh,385,Mahasamund,12,411
22,403,Raigarh,Chhattisgarh,386,Raigarh,4,403
22,410,Raipur,Chhattisgarh,387,Raipur,11,410
22,408,Rajnandgaon,Chhattisgarh,388,Rajnandgaon,9,408
22,401,Surguja,Chhattisgarh,389,Surguja,2,401
23,461,Anuppur,Madhya Pradesh,390,Anuppur,16,461
23,459,Ashoknagar,Madhya Pradesh,391,Ashoknagar,46,459
23,457,Balaghat,Madhya Pradesh,392,Balaghat,45,457
23,441,Barwani,Madhya Pradesh,393,Barwani,28,441
23,447,Betul,Madhya Pradesh,394,Betul,35,447
23,420,Bhind,Madhya Pradesh,395,Bhind,3,420
23,444,Bhopal,Madhya Pradesh,396,Bhopal,32,444
23,467,Burhanpur,Madhya Pradesh,397,Burhanpur,29,467
23,425,Chhatarpur,Madhya Pradesh,398,Chhatarpur,9,425
23,455,Chhindwara,Madhya Pradesh,399,Chhindwara,43,455
23,428,Damoh,Madhya Pradesh,400,Damoh,12,428
23,422,Datia,Madhya Pradesh,401,Datia,5,422
23,437,Dewas,Madhya Pradesh,402,Dewas,23,437
23,438,Dhar,Madhya Pradesh,403,Dhar,25,438
23,453,Dindori,Madhya Pradesh,404,Dindori,41,453
23,466,Khandwa (East Nimar),Madhya Pradesh,405,Khandwa (East Nimar),29,466
23,458,Guna,Madhya Pradesh,406,Guna,7,458
23,421,Gwalior,Madhya Pradesh,407,Gwalior,4,421
23,448,Harda,Madhya Pradesh,408,Harda,36,448
23,449,Hoshangabad,Madhya Pradesh,409,Narmadapuram,37,449
23,439,Indore,Madhya Pradesh,410,Indore,26,439
23,451,Jabalpur,Madhya Pradesh,411,Jabalpur,39,451
23,464,Jhabua,Madhya Pradesh,412,Jhabua,24,464
23,450,Katni,Madhya Pradesh,413,Katni,38,450
23,440,Khargone (West Nimar),Madhya Pradesh,414,Khargone (West Nimar),27,440
23,454,Mandla,Madhya Pradesh,415,Mandla,42,454
23,433,Mandsaur,Madhya Pradesh,416,Mandsaur,19,433
23,419,Morena,Madhya Pradesh,417,Morena,2,419
23,452,Narsimhapur,Madhya Pradesh,418,Narsimhapur,40,452
23,432,Neemuch,Madhya Pradesh,419,Neemuch,18,432
23,426,Panna,Madhya Pradesh,420,Panna,10,426
23,446,Raisen,Madhya Pradesh,421,Raisen,34,446
23,442,Rajgarh,Madhya Pradesh,422,Rajgarh,30,442
23,434,Ratlam,Madhya Pradesh,423,Ratlam,20,434
23,430,Rewa,Madhya Pradesh,424,Rewa,14,430
23,427,Sagar,Madhya Pradesh,425,Sagar,11,427
23,429,Satna,Madhya Pradesh,426,Satna,13,429
23,445,Sehore,Madhya Pradesh,427,Sehore,33,445
23,456,Seoni,Madhya Pradesh,428,Seoni,44,456
23,460,Shahdol,Madhya Pradesh,429,Shahdol,16,460
23,436,Shajapur,Madhya Pradesh,430,Shajapur,22,436
23,418,Sheopur,Madhya Pradesh,431,Sheopur,1,418
23,423,Shivpuri,Madhya Pradesh,432,Shivpuri,6,423
23,462,Sidhi,Madhya Pradesh,433,Sidhi,17,462
23,424,Tikamgarh,Madhya Pradesh,434,Tikamgarh,8,424
23,435,Ujjain,Madhya Pradesh,435,Ujjain,21,435
23,431,Umaria,Madhya Pradesh,436,Umaria,15,431
23,443,Vidisha,Madhya Pradesh,437,Vidisha,31,443
24,474,Ahmadabad,Gujarat,438,Ahmedabad,7,474
24,480,Amreli,Gujarat,439,Amreli,13,480
24,482,Anand,Gujarat,440,Anand,15,482
24,469,Banas Kantha,Gujarat,441,Banas Kantha,2,469
24,488,Bharuch,Gujarat,442,Bharuch,21,488
24,481,Bhavnagar,Gujarat,443,Bhavnagar,14,481
24,489,The Dangs,Gujarat,444,Dangs,23,489
24,485,Dohad,Gujarat,445,Dahod,18,485
24,473,Gandhinagar,Gujarat,446,Gandhinagar,6,473
24,477,Jamnagar,Gujarat,447,Jamnagar,10,477
24,479,Junagadh,Gujarat,448,Junagadh,12,479
24,468,Kachchh,Gujarat,449,Kachchh,1,468
24,483,Kheda,Gujarat,450,Kheda,16,483
24,471,Mahesana,Gujarat,451,Mahesana,4,471
24,487,Narmada,Gujarat,452,Narmada,20,487
24,490,Navsari,Gujarat,453,Navsari,24,490
24,484,Panch Mahals,Gujarat,454,Panch Mahals,17,484
24,470,Patan,Gujarat,455,Patan,3,470
24,478,Porbandar,Gujarat,456,Porbandar,11,478
24,476,Rajkot,Gujarat,457,Rajkot,9,476
24,472,Sabar Kantha,Gujarat,458,Sabar Kantha,5,472
24,492,Surat,Gujarat,459,Surat,22,492
24,475,Surendranagar,Gujarat,460,Surendranagar,8,475
24,486,Vadodara,Gujarat,461,Vadodara,19,486
24,491,Valsad,Gujarat,462,Valsad,25,491
25,495,Daman,The Dadra And Nagar Haveli And Daman And Diu,463,Daman,2,495
25,494,Diu,The Dadra And Nagar Haveli And Daman And Diu,464,Diu,1,494
26,496,Dadra & Nagar Haveli,The Dadra And Nagar Haveli And Daman And Diu,465,Dadra And Nagar Haveli,1,496
27,522,Ahmadnagar,Maharashtra,466,Ahmednagar,26,522
27,501,Akola,Maharashtra,467,Akola,5,501
27,503,Amravati,Maharashtra,468,Amravati,7,503
27,515,Aurangabad,Maharashtra,469,Chhatrapati Sambhajinagar,19,515
27,523,Bid,Maharashtra,470,Beed,27,523
27,506,Bhandara,Maharashtra,471,Bhandara,10,506
27,500,Buldana,Maharashtra,472,Buldhana,4,500
27,509,Chandrapur,Maharashtra,473,Chandrapur,13,509
27,498,Dhule,Maharashtra,474,Dhule,2,498
27,508,Gadchiroli,Maharashtra,475,Gadchiroli,12,508
27,507,Gondiya,Maharashtra,476,Gondia,11,507
27,512,Hingoli,Maharashtra,477,Hingoli,16,512
27,499,Jalgaon,Maharashtra,478,Jalgaon,3,499
27,514,Jalna,Maharashtra,479,Jalna,18,514
27,530,Kolhapur,Maharashtra,480,Kolhapur,34,530
27,524,Latur,Maharashtra,481,Latur,28,524
27,519,Mumbai,Maharashtra,482,Mumbai,23,519
27,518,Mumbai Suburban,Maharashtra,483,Mumbai Suburban,22,518
27,505,Nagpur,Maharashtra,484,Nagpur,9,505
27,511,Nanded,Maharashtra,485,Nanded,15,511
27,497,Nandurbar,Maharashtra,486,Nandurbar,1,497
27,516,Nashik,Maharashtra,487,Nashik,20,516
27,525,Osmanabad,Maharashtra,488,Dharashiv,29,525
27,513,Parbhani,Maharashtra,489,Parbhani,17,513
27,521,Pune,Maharashtra,490,Pune,25,521
27,520,Raigarh,Maharashtra,491,Raigad,24,520
27,528,Ratnagiri,Maharashtra,492,Ratnagiri,32,528
27,531,Sangli,Maharashtra,493,Sangli,35,531
27,527,Satara,Maharashtra,494,Satara,31,527
27,529,Sindhudurg,Maharashtra,495,Sindhudurg,33,529
27,526,Solapur,Maharashtra,496,Solapur,30,526
27,517,Thane,Maharashtra,497,Thane,21,517
27,504,Wardha,Maharashtra,498,Wardha,8,504
27,502,Washim,Maharashtra,499,Washim,6,502
27,510,Yavatmal,Maharashtra,500,Yavatmal,14,510
28,532,Adilabad,Telangana,501,Adilabad,1,532
28,553,Anantapur,Andhra Pradesh,502,Ananthapuramu,22,553
28,554,Chittoor,Andhra Pradesh,503,Chittoor,23,554
28,551,Y.S.R.,Andhra Pradesh,504,YSR,20,551
28,545,East Godavari,Andhra Pradesh,505,East Godavari,14,545
28,548,Guntur,Andhra Pradesh,506,Guntur,17,548
28,536,Hyderabad,Telangana,507,Hyderabad,5,536
28,534,Karimnagar,Telangana,508,Karimnagar,3,534
28,541,Khammam,Telangana,509,Khammam,10,541
28,547,Krishna,Andhra Pradesh,510,Krishna,16,547
28,552,Kurnool,Andhra Pradesh,511,Kurnool,21,552
28,538,Mahbubnagar,Telangana,512,Mahabubnagar,7,538
28,535,Medak,Telangana,513,Medak,4,535
28,539,Nalgonda,Telangana,514,Nalgonda,8,539
28,550,Sri Potti Sriramulu Nellore,Andhra Pradesh,515,Sri Potti Sriramulu Nellore,19,550
28,533,Nizamabad,Telangana,516,Nizamabad,2,533
28,549,Prakasam,Andhra Pradesh,517,Prakasam,18,549
28,542,Srikakulam,Andhra Pradesh,519,Srikakulam,11,542
28,544,Visakhapatnam,Andhra Pradesh,520,Visakhapatnam,13,544
28,543,Vizianagaram,Andhra Pradesh,521,Vizianagaram,12,543
28,540,Warangal,Telangana,522,Warangal,9,540
28,546,West Godavari,Andhra Pradesh,523,West Godavari,15,546
29,556,Bagalkot,Karnataka,524,Bagalkote,2,556
29,572,Bangalore,Karnataka,525,Bengaluru Urban,20,572
29,555,Belgaum,Karnataka,527,Belagavi,1,555
29,565,Bellary,Karnataka,528,Ballari,12,565
29,558,Bidar,Karnataka,529,Bidar,5,558
29,557,Bijapur,Karnataka,530,Vijayapura,3,557
29,578,Chamarajanagar,Karnataka,531,Chamarajanagara,27,578
29,570,Chikmagalur,Karnataka,532,Chikkamagaluru,17,570
29,566,Chitradurga,Karnataka,533,Chitradurga,13,566
29,575,Dakshina Kannada,Karnataka,534,Dakshina Kannada,24,575
29,567,Davanagere,Karnataka,535,Davangere,14,567
29,562,Dharwad,Karnataka,536,Dharwad,9,562
29,561,Gadag,Karnataka,537,Gadag,8,561
29,579,Gulbarga,Karnataka,538,Kalaburagi,4,579
29,574,Hassan,Karnataka,539,Hassan,23,574
29,564,Haveri,Karnataka,540,Haveri,11,564
29,576,Kodagu,Karnataka,541,Kodagu,25,576
29,581,Kolar,Karnataka,542,Kolar,19,581
29,560,Koppal,Karnataka,543,Koppal,7,560
29,573,Mandya,Karnataka,544,Mandya,22,573
29,577,Mysore,Karnataka,545,Mysuru,26,577
29,559,Raichur,Karnataka,546,Raichur,6,559
29,568,Shimoga,Karnataka,547,Shivamogga,15,568
29,571,Tumkur,Karnataka,548,Tumakuru,18,571
29,569,Udupi,Karnataka,549,Udupi,16,569
29,563,Uttara Kannada,Karnataka,550,Uttara Kannada,10,563
30,585,North Goa,Goa,551,North Goa,1,585
30,586,South Goa,Goa,552,South Goa,2,586
31,587,Lakshadweep,Lakshadweep,553,Lakshadweep District,1,587
32,598,Alappuzha,Kerala,554,Alappuzha,11,598
32,595,Ernakulam,Kerala,555,Ernakulam,8,595
32,596,Idukki,Kerala,556,Idukki,9,596
32,589,Kannur,Kerala,557,Kannur,2,589
32,588,Kasaragod,Kerala,558,Kasaragod,1,588
32,600,Kollam,Kerala,559,Kollam,13,600
32,597,Kottayam,Kerala,560,Kottayam,10,597
32,591,Kozhikode,Kerala,561,Kozhikode,4,591
32,592,Malappuram,Kerala,562,Malappuram,5,592
32,593,Palakkad,Kerala,563,Palakkad,6,593
32,599,Pathanamthitta,Kerala,564,Pathanamthitta,12,599
32,601,Thiruvananthapuram,Kerala,565,Thiruvananthapuram,14,601
32,594,Thrissur,Kerala,566,Thrissur,7,594
32,590,Wayanad,Kerala,567,Wayanad,3,590
33,603,Chennai,Tamil Nadu,568,Chennai,2,603
33,632,Coimbatore,Tamil Nadu,569,Coimbatore,12,632
33,617,Cuddalore,Tamil Nadu,570,Cuddalore,18,617
33,630,Dharmapuri,Tamil Nadu,571,Dharmapuri,5,630
33,612,Dindigul,Tamil Nadu,572,Dindigul,13,612
33,610,Erode,Tamil Nadu,573,Erode,10,610
33,604,Kancheepuram,Tamil Nadu,574,Kancheepuram,3,604
33,629,Kanniyakumari,Tamil Nadu,575,Kanniyakumari,30,629
33,613,Karur,Tamil Nadu,576,Karur,14,613
33,631,Krishnagiri,Tamil Nadu,577,Krishnagiri,5,631
33,623,Madurai,Tamil Nadu,578,Madurai,24,623
33,618,Nagapattinam,Tamil Nadu,579,Nagapattinam,19,618
33,609,Namakkal,Tamil Nadu,580,Namakkal,9,609
33,615,Perambalur,Tamil Nadu,581,Perambalur,16,615
33,621,Pudukkottai,Tamil Nadu,582,Pudukkottai,22,621
33,626,Ramanathapuram,Tamil Nadu,583,Ramanathapuram,27,626
33,608,Salem,Tamil Nadu,584,Salem,8,608
33,622,Sivaganga,Tamil Nadu,585,Sivaganga,23,622
33,620,Thanjavur,Tamil Nadu,586,Thanjavur,21,620
33,611,The Nilgiris,Tamil Nadu,587,The Nilgiris,11,611
33,624,Theni,Tamil Nadu,588,Theni,25,624
33,602,Thiruvallur,Tamil Nadu,589,Thiruvallur,1,602
33,619,Thiruvarur,Tamil Nadu,590,Thiruvarur,20,619
33,614,Tiruchirappalli,Tamil Nadu,591,Tiruchirappalli,15,614
33,628,Tirunelveli,Tamil Nadu,592,Tirunelveli,29,628
33,606,Tiruvannamalai,Tamil Nadu,593,Tiruvannamalai,6,606
33,627,Thoothukkudi,Tamil Nadu,594,Thoothukkudi,28,627
33,605,Vellore,Tamil Nadu,595,Vellore,4,605
33,607,Viluppuram,Tamil Nadu,596,Viluppuram,7,607
33,625,Virudhunagar,Tamil Nadu,597,Virudhunagar,26,625
34,635,Puducherry,Puducherry,600,Pondicherry,2,635
35,640,South Andaman,Andaman And Nicobar Islands,602,South Andamans,1,640
35,638,Nicobars,Andaman And Nicobar Islands,603,Nicobars,2,638
6,87,Mewat,Haryana,604,Nuh,18,87
3,54,Barnala,Punjab,605,Barnala,16,54
20,365,Khunti,Jharkhand,606,Khunti,14,365
20,361,Ramgarh,Jharkhand,607,Ramgarh,4,361
3,52,Sahibzada Ajit Singh Nagar,Punjab,608,SAS Nagar,multiple,52
3,50,Tarn Taran,Punjab,609,Tarn Taran,multiple,50
33,616,Ariyalur,Tamil Nadu,610,Ariyalur,17,616
10,240,Arwal,Bihar,611,Arwal,33,240
18,320,Chirang,Assam,612,Chirang,4,320
13,271,Peren,Nagaland,613,Peren,7,271
13,269,Kiphire,Nagaland,614,Kiphire,2,269
13,268,Longleng,Nagaland,615,Longleng,2,268
18,324,Baksa,Assam,616,Baksa,multiple,324
18,326,Udalguri,Assam,617,Udalguri,8,326
18,322,Kamrup Metropolitan,Assam,618,Kamrup Metro,6,322
6,89,Palwal,Haryana,619,Palwal,19,89
1,18,Kishtwar,Jammu And Kashmir,620,Kishtwar,9,18
1,17,Ramban,Jammu And Kashmir,621,Ramban,9,17
1,15,Kulgam,Jammu And Kashmir,622,Kulgam,6,15
1,9,Bandipore,Jammu And Kashmir,623,Bandipora,2,9
1,22,Samba,Jammu And Kashmir,624,Samba,multiple,22
1,13,Shupiyan,Jammu And Kashmir,625,Shopian,5,13
1,11,Ganderbal,Jammu And Kashmir,626,Ganderbal,3,11
1,20,Reasi,Jammu And Kashmir,627,Reasi,10,20
12,260,Anjaw,Arunachal Pradesh,628,Anjaw,11,260
8,131,Pratapgarh,Rajasthan,629,Pratapgarh,multiple,131
29,582,Chikkaballapura,Karnataka,630,Chikkaballapura,19,582
29,584,Ramanagara,Karnataka,631,Ramanagara,21,584
35,639,North & Middle Andaman,Andaman And Nicobar Islands,632,North And Middle Andaman,1,639
9,202,Kanshiram Nagar,Uttar Pradesh,633,Kasganj,71,202
33,633,Tiruppur,Tamil Nadu,634,Tiruppur,multiple,633
29,580,Yadgir,Karnataka,635,Yadgir,4,580
22,417,Bijapur,Chhattisgarh,636,Bijapur,16,417
22,415,Narayanpur,Chhattisgarh,637,Narayanpur,15,415
23,463,Singrauli,Madhya Pradesh,638,Singrauli,17,463
23,465,Alirajpur,Madhya Pradesh,639,Alirajpur,24,465
24,493,Tapi,Gujarat,641,Tapi,22,493
28,537,Rangareddy,Telangana,698,Vikarabad,6,537